{
  "SPIKE POST /api/auth/login" : {
    "transaction" : "SPIKE POST /api/auth/login",
    "sampleCount" : 100,
    "errorCount" : 0,
    "errorPct" : 0.0,
    "meanResTime" : 379.6100000000001,
    "medianResTime" : 304.0,
    "minResTime" : 62.0,
    "maxResTime" : 1497.0,
    "pct1ResTime" : 809.5000000000006,
    "pct2ResTime" : 1042.0499999999988,
    "pct3ResTime" : 1494.4899999999986,
    "throughput" : 3.3786066626123388,
    "receivedKBytesPerSec" : 5.500134088451922,
    "sentKBytesPerSec" : 0.0
  },
  "ST-01 POST /api/auth/login" : {
    "transaction" : "ST-01 POST /api/auth/login",
    "sampleCount" : 250,
    "errorCount" : 0,
    "errorPct" : 0.0,
    "meanResTime" : 468.8359999999995,
    "medianResTime" : 374.5,
    "minResTime" : 63.0,
    "maxResTime" : 1495.0,
    "pct1ResTime" : 989.1,
    "pct2ResTime" : 1248.9999999999998,
    "pct3ResTime" : 1396.98,
    "throughput" : 4.72491542401391,
    "receivedKBytesPerSec" : 7.691830089678895,
    "sentKBytesPerSec" : 0.0
  },
  "ST-05 GET /api/billing" : {
    "transaction" : "ST-05 GET /api/billing",
    "sampleCount" : 250,
    "errorCount" : 0,
    "errorPct" : 0.0,
    "meanResTime" : 251.08000000000013,
    "medianResTime" : 155.5,
    "minResTime" : 6.0,
    "maxResTime" : 1435.0,
    "pct1ResTime" : 694.4000000000001,
    "pct2ResTime" : 931.3499999999999,
    "pct3ResTime" : 1247.8200000000002,
    "throughput" : 4.838584810714562,
    "receivedKBytesPerSec" : 9.157399768715646,
    "sentKBytesPerSec" : 0.0
  },
  "Total" : {
    "transaction" : "Total",
    "sampleCount" : 1600,
    "errorCount" : 0,
    "errorPct" : 0.0,
    "meanResTime" : 374.7949999999994,
    "medianResTime" : 285.0,
    "minResTime" : 5.0,
    "maxResTime" : 1829.0,
    "pct1ResTime" : 926.9000000000001,
    "pct2ResTime" : 1046.9499999999998,
    "pct3ResTime" : 1398.0,
    "throughput" : 28.71758054383918,
    "receivedKBytesPerSec" : 49.16465914699811,
    "sentKBytesPerSec" : 0.0
  },
  "ST-02 GET /api/patients" : {
    "transaction" : "ST-02 GET /api/patients",
    "sampleCount" : 250,
    "errorCount" : 0,
    "errorPct" : 0.0,
    "meanResTime" : 238.95200000000014,
    "medianResTime" : 161.0,
    "minResTime" : 5.0,
    "maxResTime" : 1052.0,
    "pct1ResTime" : 595.7,
    "pct2ResTime" : 697.3499999999997,
    "pct3ResTime" : 1022.45,
    "throughput" : 4.768990118652474,
    "receivedKBytesPerSec" : 10.124789568311016,
    "sentKBytesPerSec" : 0.0
  },
  "ST-03 GET /api/appointments" : {
    "transaction" : "ST-03 GET /api/appointments",
    "sampleCount" : 250,
    "errorCount" : 0,
    "errorPct" : 0.0,
    "meanResTime" : 449.25199999999995,
    "medianResTime" : 351.0,
    "minResTime" : 7.0,
    "maxResTime" : 1800.0,
    "pct1ResTime" : 970.6,
    "pct2ResTime" : 1257.05,
    "pct3ResTime" : 1696.6900000000016,
    "throughput" : 4.801782421634911,
    "receivedKBytesPerSec" : 9.725485100069145,
    "sentKBytesPerSec" : 0.0
  },
  "ST-06 GET /api/doctors" : {
    "transaction" : "ST-06 GET /api/doctors",
    "sampleCount" : 250,
    "errorCount" : 0,
    "errorPct" : 0.0,
    "meanResTime" : 381.6280000000001,
    "medianResTime" : 352.5,
    "minResTime" : 5.0,
    "maxResTime" : 1424.0,
    "pct1ResTime" : 824.7,
    "pct2ResTime" : 1069.5499999999997,
    "pct3ResTime" : 1408.39,
    "throughput" : 4.868928446227554,
    "receivedKBytesPerSec" : 7.098935713103261,
    "sentKBytesPerSec" : 0.0
  },
  "ST-04 GET /api/dashboard/stats" : {
    "transaction" : "ST-04 GET /api/dashboard/stats",
    "sampleCount" : 250,
    "errorCount" : 0,
    "errorPct" : 0.0,
    "meanResTime" : 457.09600000000006,
    "medianResTime" : 343.0,
    "minResTime" : 6.0,
    "maxResTime" : 1829.0,
    "pct1ResTime" : 994.0,
    "pct2ResTime" : 1328.0,
    "pct3ResTime" : 1603.580000000004,
    "throughput" : 4.828305457916489,
    "receivedKBytesPerSec" : 5.691176452837112,
    "sentKBytesPerSec" : 0.0
  }
}